loanNoteId,sellerUserId,buyerUserId,salePrice,sellerFees,saleYield,counterParties
32701256,8196710,9078061,0,0,0,
32537747,8196710,9078061,0,0,0,
32523587,8196710,9078061,0,0,0,
32338002,8196710,9078061,0,0,0,
32523533,8196710,9078061,0,0,0,
32714485,8196710,9078061,0,0,0,
32660374,8196710,9078061,0,0,0,
32668402,8196710,9078061,0,0,0,
32374857,8196710,9078061,0,0,0,
32566274,8196710,9078061,0,0,0,
32652512,8196710,9078061,0,0,0,
32753785,8196710,9078061,0,0,0,
32675528,8196710,9078061,0,0,0,
32382003,8196710,9078061,0,0,0,
32373504,8196710,9078061,0,0,0,
32668330,8196710,9078061,0,0,0,
32692615,8196710,9078061,0,0,0,
32338044,8196710,9078061,0,0,0,
32693764,8196710,9078061,0,0,0,
32654234,8196710,9078061,0,0,0,
32391687,8196710,9078061,0,0,0,
32633234,8196710,9078061,0,0,0,
32533466,8196710,9078061,0,0,0,
32430966,8196710,9078061,0,0,0,
32684239,8196710,9078061,0,0,0,
32701169,8196710,9078061,0,0,0,
32722963,8196710,9078061,0,0,0,
32706064,8196710,9078061,0,0,0,
32693698,8196710,9078061,0,0,0,
32565989,8196710,9078061,0,0,0,
32337963,8196710,9078061,0,0,0,
32466951,8196710,9078061,0,0,0,
32779267,8196710,9078061,0,0,0,
32550332,8196710,9078061,0,0,0,
32793628,8196710,9078061,0,0,0,
32452653,8196710,9078061,0,0,0,
32430978,8196710,9078061,0,0,0,
32719423,8196710,9078061,0,0,0,
32537405,8196710,9078061,0,0,0,
32744566,8196710,9078061,0,0,0,
32537753,8196710,9078061,0,0,0,
32779864,8196710,9078061,0,0,0,
32601257,8196710,9078061,0,0,0,
32388804,8196710,9078061,0,0,0,
32533556,8196710,9078061,0,0,0,
32516453,8196710,9078061,0,0,0,
32718391,8196710,9078061,0,0,0,
32629676,8196710,9078061,0,0,0,
32467020,8196710,9078061,0,0,0,
32388819,8196710,9078061,0,0,0,
32374830,8196710,9078061,0,0,0,
32585126,8196710,9078061,0,0,0,
32337951,8196710,9078061,0,0,0,
32670988,8196710,9078061,0,0,0,
32668399,8196710,9078061,0,0,0,
32364930,8196710,9078061,0,0,0,
32641748,8196710,9078061,0,0,0,
32472726,8196710,9078061,0,0,0,
32675495,8196710,9078061,0,0,0,
32599712,8196710,9078061,0,0,0,
32845405,8196710,9078061,0,0,0,
32447208,8196710,9078061,0,0,0,
32539703,8196710,9078061,0,0,0,
32668327,8196710,9078061,0,0,0,
32710310,8196710,9078061,0,0,0,
32354469,8196710,9078061,0,0,0,
32806411,8196710,9078061,0,0,0,
32753488,8196710,9078061,0,0,0,
32337948,8196710,9078061,0,0,0,
32373531,8196710,9078061,0,0,0,
32693638,8196710,9078061,0,0,0,
32719387,8196710,9078061,0,0,0,
32354322,8196710,9078061,0,0,0,
32562263,8196710,9078061,0,0,0,
32507145,8196710,9078061,0,0,0,
32368248,8196710,9078061,0,0,0,
32793613,8196710,9078061,0,0,0,
32829532,8196710,9078061,0,0,0,
32572659,8196710,9078061,0,0,0,
32656775,8196710,9078061,0,0,0,
32704540,8196710,9078061,0,0,0,
32868892,8196710,9078061,0,0,0,
32789326,8196710,9078061,0,0,0,
32533436,8196710,9078061,0,0,0,
32753455,8196710,9078061,0,0,0,
32758906,8196710,9078061,0,0,0,
32358129,8196710,9078061,0,0,0,
32794543,8196710,9078061,0,0,0,
32490771,8196710,9078061,0,0,0,
32758945,8196710,9078061,0,0,0,
32448042,8196710,9078061,0,0,0,
32374815,8196710,9078061,0,0,0,
32470773,8196710,9078061,0,0,0,
32706073,8196710,9078061,0,0,0,
32764777,8196710,9078061,0,0,0,
32550239,8196710,9078061,0,0,0,
32490750,8196710,9078061,0,0,0,
32652578,8196710,9078061,0,0,0,
32730520,8196710,9078061,0,0,0,
32781730,8196710,9078061,0,0,0,
32490714,8196710,9078061,0,0,0,
32706148,8196710,9078061,0,0,0,
32758894,8196710,9078061,0,0,0,
32391930,8196710,9078061,0,0,0,
32543294,8196710,9078061,0,0,0,
32537402,8196710,9078061,0,0,0,
32806243,8196710,9078061,0,0,0,
32719084,8196710,9078061,0,0,0,
32569604,8196710,9078061,0,0,0,
32433975,8196710,9078061,0,0,0,
32467023,8196710,9078061,0,0,0,
32675156,8196710,9078061,0,0,0,
32638364,8196710,9078061,0,0,0,
32599586,8196710,9078061,0,0,0,
32459670,8196710,9078061,0,0,0,
32732110,8196710,9078061,0,0,0,
32555963,8196710,9078061,0,0,0,
32753458,8196710,9078061,0,0,0,
32660368,8196710,9078061,0,0,0,
32422656,8196710,9078061,0,0,0,
32719414,8196710,9078061,0,0,0,
32566307,8196710,9078061,0,0,0,
32787898,8196710,9078061,0,0,0,
32368188,8196710,9078061,0,0,0,
32493768,8196710,9078061,0,0,0,
32464806,8196710,9078061,0,0,0,
32621930,8196710,9078061,0,0,0,
32337990,8196710,9078061,0,0,0,
32485593,8196710,9078061,0,0,0,
32566562,8196710,9078061,0,0,0,
32565968,8196710,9078061,0,0,0,
32391873,8196710,9078061,0,0,0,
32391747,8196710,9078061,0,0,0,
32691553,8196710,9078061,0,0,0,
32817439,8196710,9078061,0,0,0,
32701387,8196710,9078061,0,0,0,
32516570,8196710,9078061,0,0,0,
32358144,8196710,9078061,0,0,0,
32364927,8196710,9078061,0,0,0,
32719093,8196710,9078061,0,0,0,
32364924,8196710,9078061,0,0,0,
32490708,8196710,9078061,0,0,0,
32373519,8196710,9078061,0,0,0,
32580224,8196710,9078061,0,0,0,
32516465,8196710,9078061,0,0,0,
32434338,8196710,9078061,0,0,0,
32779762,8196710,9078061,0,0,0,
32704519,8196710,9078061,0,0,0,
32636936,8196710,9078061,0,0,0,
32793697,8196710,9078061,0,0,0,
32789341,8196710,9078061,0,0,0,
32533460,8196710,9078061,0,0,0,
32654189,8196710,9078061,0,0,0,
32589077,8196710,9078061,0,0,0,
32706007,8196710,9078061,0,0,0,
32841451,8196710,9078061,0,0,0,
32621828,8196710,9078061,0,0,0,
32845366,8196710,9078061,0,0,0,
32550323,8196710,9078061,0,0,0,
32719375,8196710,9078061,0,0,0,
32454429,8196710,9078061,0,0,0,
32695966,8196710,9078061,0,0,0,
32793562,8196710,9078061,0,0,0,
32364984,8196710,9078061,0,0,0,
32642486,8196710,9078061,0,0,0,
32364978,8196710,9078061,0,0,0,
32566250,8196710,9078061,0,0,0,
32396472,8196710,9078061,0,0,0,
32684992,8196710,9078061,0,0,0,
32523497,8196710,9078061,0,0,0,
32808925,8196710,9078061,0,0,0,
32335920,8196710,9078061,0,0,0,
32530458,8196710,9078061,0,0,0,
32550341,8196710,9078061,0,0,0,
32732245,8196710,9078061,0,0,0,
32661538,8196710,9078061,0,0,0,
32533484,8196710,9078061,0,0,0,
32523329,8196710,9078061,0,0,0,
32371551,8196710,9078061,0,0,0,
32605487,8196710,9078061,0,0,0,
32706010,8196710,9078061,0,0,0,
32691550,8196710,9078061,0,0,0,
32490768,8196710,9078061,0,0,0,
32653103,8196710,9078061,0,0,0,
32490765,8196710,9078061,0,0,0,
32580230,8196710,9078061,0,0,0,
32719513,8196710,9078061,0,0,0,
32337993,8196710,9078061,0,0,0,
32701178,8196710,9078061,0,0,0,
32769766,8196710,9078061,0,0,0,
32670824,8196710,9078061,0,0,0,
32566565,8196710,9078061,0,0,0,
32550299,8196710,9078061,0,0,0,
32716570,8196710,9078061,0,0,0,
32373516,8196710,9078061,0,0,0,
32714509,8196710,9078061,0,0,0,
32671520,8196710,9078061,0,0,0,
32555936,8196710,9078061,0,0,0,
32638430,8196710,9078061,0,0,0,
32718436,8196710,9078061,0,0,0,
32539694,8196710,9078061,0,0,0,
32550314,8196710,9078061,0,0,0,
32566505,8196710,9078061,0,0,0,
32459133,8196710,9078061,0,0,0,
32731240,8196710,9078061,0,0,0,
32732089,8196710,9078061,0,0,0,
32373480,8196710,9078061,0,0,0,
32660380,8196710,9078061,0,0,0,
32692618,8196710,9078061,0,0,0,
32806423,8196710,9078061,0,0,0,
32368287,8196710,9078061,0,0,0,
32581958,8196710,9078061,0,0,0,
32488572,8196710,9078061,0,0,0,
32493801,8196710,9078061,0,0,0,
32660428,8196710,9078061,0,0,0,
32714539,8196710,9078061,0,0,0,
32828929,8196710,9078061,0,0,0,
32693785,8196710,9078061,0,0,0,
32706094,8196710,9078061,0,0,0,
32368242,8196710,9078061,0,0,0,
32714452,8196710,9078061,0,0,0,
32337924,8196710,9078061,0,0,0,
32744653,8196710,9078061,0,0,0,
32555948,8196710,9078061,0,0,0,
32382072,8196710,9078061,0,0,0,
32569583,8196710,9078061,0,0,0,
32569808,8196710,9078061,0,0,0,
32842381,8196710,9078061,0,0,0,
32796394,8196710,9078061,0,0,0,
32751451,8196710,9078061,0,0,0,
32767210,8196710,9078061,0,0,0,
32384808,8196710,9078061,0,0,0,
32391858,8196710,9078061,0,0,0,
32338053,8196710,9078061,0,0,0,
32338038,8196710,9078061,0,0,0,
32358153,8196710,9078061,0,0,0,
32381538,8196710,9078061,0,0,0,
32539781,8196710,9078061,0,0,0,
32716117,8196710,9078061,0,0,0,
32516534,8196710,9078061,0,0,0,
32470854,8196710,9078061,0,0,0,
32358171,8196710,9078061,0,0,0,
32371563,8196710,9078061,0,0,0,
32428977,8196710,9078061,0,0,0,
32675507,8196710,9078061,0,0,0,
32755945,8196710,9078061,0,0,0,
32716132,8196710,9078061,0,0,0,
32642279,8196710,9078061,0,0,0,
32464794,8196710,9078061,0,0,0,
32516444,8196710,9078061,0,0,0,
32520414,8196710,9078061,0,0,0,
32614004,8196710,9078061,0,0,0,
32396529,8196710,9078061,0,0,0,
32350545,8196710,9078061,0,0,0,
32701327,8196710,9078061,0,0,0,
32706151,8196710,9078061,0,0,0,
32671502,8196710,9078061,0,0,0,
32621747,8196710,9078061,0,0,0,
32621810,8196710,9078061,0,0,0,
32641325,8196710,9078061,0,0,0,
32585393,8196710,9078061,0,0,0,
32701318,8196710,9078061,0,0,0,
32444124,8196710,9078061,0,0,0,
32693716,8196710,9078061,0,0,0,
32447337,8196710,9078061,0,0,0,
32388729,8196710,9078061,0,0,0,
32600573,8196710,9078061,0,0,0,
32769733,8196710,9078061,0,0,0,
32719468,8196710,9078061,0,0,0,
32660476,8196710,9078061,0,0,0,
32641742,8196710,9078061,0,0,0,
32693824,8196710,9078061,0,0,0,
32472843,8196710,9078061,0,0,0,
32396355,8196710,9078061,0,0,0,
32368338,8196710,9078061,0,0,0,
32494032,8196710,9078061,0,0,0,
32675537,8196710,9078061,0,0,0,
32550350,8196710,9078061,0,0,0,
32767213,8196710,9078061,0,0,0,
32795314,8196710,9078061,0,0,0,
32706055,8196710,9078061,0,0,0,
32550320,8196710,9078061,0,0,0,
32664602,8196710,9078061,0,0,0,
32829550,8196710,9078061,0,0,0,
32556695,8196710,9078061,0,0,0,
32719150,8196710,9078061,0,0,0,
32337909,8196710,9078061,0,0,0,
32642489,8196710,9078061,0,0,0,
32555978,8196710,9078061,0,0,0,
32395869,8196710,9078061,0,0,0,
32706139,8196710,9078061,0,0,0,
32395908,8196710,9078061,0,0,0,
32371572,8196710,9078061,0,0,0,
32358138,8196710,9078061,0,0,0,
32543114,8196710,9078061,0,0,0,
32719102,8196710,9078061,0,0,0,
32381514,8196710,9078061,0,0,0,
32668444,8196710,9078061,0,0,0,
32472996,8196710,9078061,0,0,0,
32719123,8196710,9078061,0,0,0,
32470494,8196710,9078061,0,0,0,
32566685,8196710,9078061,0,0,0,
32845312,8196710,9078061,0,0,0,
32396358,8196710,9078061,0,0,0,
32654231,8196710,9078061,0,0,0,
32383335,8196710,9078061,0,0,0,
32601263,8196710,9078061,0,0,0,
32537831,8196710,9078061,0,0,0,
32719534,8196710,9078061,0,0,0,
32668393,8196710,9078061,0,0,0,
32566616,8196710,9078061,0,0,0,
32458188,8196710,9078061,0,0,0,
32693770,8196710,9078061,0,0,0,
32641751,8196710,9078061,0,0,0,
32844589,8196710,9078061,0,0,0,
32743846,8196710,9078061,0,0,0,
32337966,8196710,9078061,0,0,0,
32719432,8196710,9078061,0,0,0,
32693479,8196710,9078061,0,0,0,
32490711,8196710,9078061,0,0,0,
32701181,8196710,9078061,0,0,0,
32668453,8196710,9078061,0,0,0,
32719081,8196710,9078061,0,0,0,
32395713,8196710,9078061,0,0,0,
32384877,8196710,9078061,0,0,0,
32589080,8196710,9078061,0,0,0,
32806414,8196710,9078061,0,0,0,
32691142,8196710,9078061,0,0,0,
32569727,8196710,9078061,0,0,0,
32524233,8196710,9078061,0,0,0,
32537756,8196710,9078061,0,0,0,
32373498,8196710,9078061,0,0,0,
32793643,8196710,9078061,0,0,0,
32744536,8196710,9078061,0,0,0,
32794714,8196710,9078061,0,0,0,
32365005,8196710,9078061,0,0,0,
32738749,8196710,9078061,0,0,0,
32338032,8196710,9078061,0,0,0,
32566499,8196710,9078061,0,0,0,
32691388,8196710,9078061,0,0,0,
32382108,8196710,9078061,0,0,0,
32368152,8196710,9078061,0,0,0,
32660440,8196710,9078061,0,0,0,
32689307,8196710,9078061,0,0,0,
32350494,8196710,9078061,0,0,0,
32535138,8196710,9078061,0,0,0,
32566586,8196710,9078061,0,0,0,
32597543,8196710,9078061,0,0,0,
32569826,8196710,9078061,0,0,0,
32470692,8196710,9078061,0,0,0,
32693692,8196710,9078061,0,0,0,
32714371,8196710,9078061,0,0,0,
32687642,8196710,9078061,0,0,0,
32569622,8196710,9078061,0,0,0,
32350521,8196710,9078061,0,0,0,
32350590,8196710,9078061,0,0,0,
32654237,8196710,9078061,0,0,0,
32643341,8196710,9078061,0,0,0,
32535147,8196710,9078061,0,0,0,
32652554,8196710,9078061,0,0,0,
32660353,8196710,9078061,0,0,0,
32555954,8196710,9078061,0,0,0,
32533439,8196710,9078061,0,0,0,
32358147,8196710,9078061,0,0,0,
32543840,8196710,9078061,0,0,0,
32470716,8196710,9078061,0,0,0,
32374824,8196710,9078061,0,0,0,
32461449,8196710,9078061,0,0,0,
32407377,8196710,9078061,0,0,0,
32814142,8196710,9078061,0,0,0,
32561021,8196710,9078061,0,0,0,
32808799,8196710,9078061,0,0,0,
32434359,8196710,9078061,0,0,0,
32550245,8196710,9078061,0,0,0,
32493711,8196710,9078061,0,0,0,
32493765,8196710,9078061,0,0,0,
32789362,8196710,9078061,0,0,0,
32656673,8196710,9078061,0,0,0,
32701303,8196710,9078061,0,0,0,
32791690,8196710,9078061,0,0,0,
32539715,8196710,9078061,0,0,0,
32569730,8196710,9078061,0,0,0,
32555987,8196710,9078061,0,0,0,
32422638,8196710,9078061,0,0,0,
32569715,8196710,9078061,0,0,0,
32539775,8196710,9078061,0,0,0,
32555999,8196710,9078061,0,0,0,
31957635,8196710,9078061,0,0,0,
32566634,8196710,9078061,0,0,0,
32599739,8196710,9078061,0,0,0,
32606327,8196710,9078061,0,0,0,
32368251,8196710,9078061,0,0,0,
32767198,8196710,9078061,0,0,0,
32391771,8196710,9078061,0,0,0,
32670985,8196710,9078061,0,0,0,
32493702,8196710,9078061,0,0,0,
32719429,8196710,9078061,0,0,0,
32516519,8196710,9078061,0,0,0,
32688164,8196710,9078061,0,0,0,
32569823,8196710,9078061,0,0,0,
32641328,8196710,9078061,0,0,0,
32683690,8196710,9078061,0,0,0,
32719486,8196710,9078061,0,0,0,
32524506,8196710,9078061,0,0,0,
32701172,8196710,9078061,0,0,0,
32684986,8196710,9078061,0,0,0,
32358126,8196710,9078061,0,0,0,
32384745,8196710,9078061,0,0,0,
32555975,8196710,9078061,0,0,0,
32537822,8196710,9078061,0,0,0,
32630999,8196710,9078061,0,0,0,
32719426,8196710,9078061,0,0,0,
32638370,8196710,9078061,0,0,0,
32868904,8196710,9078061,0,0,0,
32523471,8196710,9078061,0,0,0,
32739250,8196710,9078061,0,0,0,
32701196,8196710,9078061,0,0,0,
32660389,8196710,9078061,0,0,0,
32412774,8196710,9078061,0,0,0,
32789335,8196710,9078061,0,0,0,
32692597,8196710,9078061,0,0,0,
32516531,8196710,9078061,0,0,0,
32350584,8196710,9078061,0,0,0,
32642903,8196710,9078061,0,0,0,
32409876,8196710,9078061,0,0,0,
32384736,8196710,9078061,0,0,0,
32337987,8196710,9078061,0,0,0,
32556014,8196710,9078061,0,0,0,
32368185,8196710,9078061,0,0,0,
32616659,8196710,9078061,0,0,0,
32368320,8196710,9078061,0,0,0,
32555861,8196710,9078061,0,0,0,
32758795,8196710,9078061,0,0,0,
32687645,8196710,9078061,0,0,0,
32372706,8196710,9078061,0,0,0,
32675483,8196710,9078061,0,0,0,
32490795,8196710,9078061,0,0,0,
32758900,8196710,9078061,0,0,0,
32660455,8196710,9078061,0,0,0,
32422677,8196710,9078061,0,0,0,
32668312,8196710,9078061,0,0,0,
32536643,8196710,9078061,0,0,0,
32467014,8196710,9078061,0,0,0,
32539817,8196710,9078061,0,0,0,
32464986,8196710,9078061,0,0,0,
32613989,8196710,9078061,0,0,0,
32391786,8196710,9078061,0,0,0,
32641355,8196710,9078061,0,0,0,
32487915,8196710,9078061,0,0,0,
32447214,8196710,9078061,0,0,0,
32740369,8196710,9078061,0,0,0,
32701291,8196710,9078061,0,0,0,
32391741,8196710,9078061,0,0,0,
32467161,8196710,9078061,0,0,0,
32868883,8196710,9078061,0,0,0,
32516153,8196710,9078061,0,0,0,
32421138,8196710,9078061,0,0,0,
32458200,8196710,9078061,0,0,0,
32537786,8196710,9078061,0,0,0,
32660413,8196710,9078061,0,0,0,
32533499,8196710,9078061,0,0,0,
32569820,8196710,9078061,0,0,0,
32652524,8196710,9078061,0,0,0,
32566709,8196710,9078061,0,0,0,
32516462,8196710,9078061,0,0,0,
32731039,8196710,9078061,0,0,0,
32701312,8196710,9078061,0,0,0,
32589053,8196710,9078061,0,0,0,
32753788,8196710,9078061,0,0,0,
32582846,8196710,9078061,0,0,0,
32364945,8196710,9078061,0,0,0,
32466960,8196710,9078061,0,0,0,
32668396,8196710,9078061,0,0,0,
32574993,8196710,9078061,0,0,0,
32767195,8196710,9078061,0,0,0,
32829586,8196710,9078061,0,0,0,
32719273,8196710,9078061,0,0,0,
32656772,8196710,9078061,0,0,0,
32796370,8196710,9078061,0,0,0,
32740468,8196710,9078061,0,0,0,
32701306,8196710,9078061,0,0,0,
32368269,8196710,9078061,0,0,0,
32641787,8196710,9078061,0,0,0,
32781424,8196710,9078061,0,0,0,
32719252,8196710,9078061,0,0,0,
32566226,8196710,9078061,0,0,0,
32663546,8196710,9078061,0,0,0,
32544534,8196710,9078061,0,0,0,
32611277,8196710,9078061,0,0,0,
32621948,8196710,9078061,0,0,0,
32459136,8196710,9078061,0,0,0,
32388777,8196710,9078061,0,0,0,
32434440,8196710,9078061,0,0,0,
32714476,8196710,9078061,0,0,0,
32744461,8196710,9078061,0,0,0,
32740390,8196710,9078061,0,0,0,
32360778,8196710,9078061,0,0,0,
32452656,8196710,9078061,0,0,0,
32753353,8196710,9078061,0,0,0,
32758828,8196710,9078061,0,0,0,
32599259,8196710,9078061,0,0,0,
32753497,8196710,9078061,0,0,0,
32723122,8196710,9078061,0,0,0,
32555996,8196710,9078061,0,0,0,
32693731,8196710,9078061,0,0,0,
32808715,8196710,9078061,0,0,0,
32537426,8196710,9078061,0,0,0,
32535090,8196710,9078061,0,0,0,
32374812,8196710,9078061,0,0,0,
32555969,8196710,9078061,0,0,0,
32731060,8196710,9078061,0,0,0,
32692936,8196710,9078061,0,0,0,
32717242,8196710,9078061,0,0,0,
32543255,8196710,9078061,0,0,0,
32829610,8196710,9078061,0,0,0,
32654222,8196710,9078061,0,0,0,
32689820,8196710,9078061,0,0,0,
32688080,8196710,9078061,0,0,0,
32537732,8196710,9078061,0,0,0,
32490705,8196710,9078061,0,0,0,
32600228,8196710,9078061,0,0,0,
32652521,8196710,9078061,0,0,0,
32565977,8196710,9078061,0,0,0,
32454471,8196710,9078061,0,0,0,
32396484,8196710,9078061,0,0,0,
32560238,8196710,9078061,0,0,0,
32537792,8196710,9078061,0,0,0,
32569547,8196710,9078061,0,0,0,
32555921,8196710,9078061,0,0,0,
32589047,8196710,9078061,0,0,0,
32358183,8196710,9078061,0,0,0,
32493846,8196710,9078061,0,0,0,
32516480,8196710,9078061,0,0,0,
32671517,8196710,9078061,0,0,0,
32337915,8196710,9078061,0,0,0,
32470848,8196710,9078061,0,0,0,
32566583,8196710,9078061,0,0,0,
32419566,8196710,9078061,0,0,0,
32422659,8196710,9078061,0,0,0,
32589050,8196710,9078061,0,0,0,
32744584,8196710,9078061,0,0,0,
32382099,8196710,9078061,0,0,0,
32507142,8196710,9078061,0,0,0,
32566649,8196710,9078061,0,0,0,
32391759,8196710,9078061,0,0,0,
32693845,8196710,9078061,0,0,0,
32561003,8196710,9078061,0,0,0,
32470779,8196710,9078061,0,0,0,
32485590,8196710,9078061,0,0,0,
32719105,8196710,9078061,0,0,0,
32338572,8196710,9078061,0,0,0,
32695862,8196710,9078061,0,0,0,
32533433,8196710,9078061,0,0,0,
32388759,8196710,9078061,0,0,0,
32549933,8196710,9078061,0,0,0,
32794708,8196710,9078061,0,0,0,
32391774,8196710,9078061,0,0,0,
32580365,8196710,9078061,0,0,0,
32660494,8196710,9078061,0,0,0,
32561459,8196710,9078061,0,0,0,
32537765,8196710,9078061,0,0,0,
32409855,8196710,9078061,0,0,0,
32528628,8196710,9078061,0,0,0,
32732107,8196710,9078061,0,0,0,
32337852,8196710,9078061,0,0,0,
32493372,8196710,9078061,0,0,0,
32693851,8196710,9078061,0,0,0,
32599787,8196710,9078061,0,0,0,
32683627,8196710,9078061,0,0,0,
32566280,8196710,9078061,0,0,0,
32373483,8196710,9078061,0,0,0,
32555924,8196710,9078061,0,0,0,
32371590,8196710,9078061,0,0,0,
32452665,8196710,9078061,0,0,0,
32470788,8196710,9078061,0,0,0,
32537390,8196710,9078061,0,0,0,
32656634,8196710,9078061,0,0,0,
32715823,8196710,9078061,0,0,0,
32525025,8196710,9078061,0,0,0,
32338020,8196710,9078061,0,0,0,
32555981,8196710,9078061,0,0,0,
32599748,8196710,9078061,0,0,0,
32675489,8196710,9078061,0,0,0,
32566262,8196710,9078061,0,0,0,
32493684,8196710,9078061,0,0,0,
32759125,8196710,9078061,0,0,0,
32470497,8196710,9078061,0,0,0,
32539841,8196710,9078061,0,0,0,
32433960,8196710,9078061,0,0,0,
32566676,8196710,9078061,0,0,0,
32723116,8196710,9078061,0,0,0,
32368218,8196710,9078061,0,0,0,
32388747,8196710,9078061,0,0,0,
32467104,8196710,9078061,0,0,0,
32386791,8196710,9078061,0,0,0,
32516459,8196710,9078061,0,0,0,
32690738,8196710,9078061,0,0,0,
32719075,8196710,9078061,0,0,0,
32535129,8196710,9078061,0,0,0,
32368305,8196710,9078061,0,0,0,
32814133,8196710,9078061,0,0,0,
32516537,8196710,9078061,0,0,0,
32684224,8196710,9078061,0,0,0,
32569574,8196710,9078061,0,0,0,
32388744,8196710,9078061,0,0,0,
32539778,8196710,9078061,0,0,0,
32347242,8196710,9078061,0,0,0,
32719270,8196710,9078061,0,0,0,
32693749,8196710,9078061,0,0,0,
32371599,8196710,9078061,0,0,0,
32391849,8196710,9078061,0,0,0,
32795311,8196710,9078061,0,0,0,
32490702,8196710,9078061,0,0,0,
32796382,8196710,9078061,0,0,0,
32470764,8196710,9078061,0,0,0,
32652569,8196710,9078061,0,0,0,
32714464,8196710,9078061,0,0,0,
32719543,8196710,9078061,0,0,0,
32668429,8196710,9078061,0,0,0,
32789347,8196710,9078061,0,0,0,
32539724,8196710,9078061,0,0,0,
32695960,8196710,9078061,0,0,0,
32660359,8196710,9078061,0,0,0,
32523477,8196710,9078061,0,0,0,
32656322,8196710,9078061,0,0,0,
32704546,8196710,9078061,0,0,0,
32539784,8196710,9078061,0,0,0,
32557817,8196710,9078061,0,0,0,
32373510,8196710,9078061,0,0,0,
32566241,8196710,9078061,0,0,0,
32601260,8196710,9078061,0,0,0,
32701357,8196710,9078061,0,0,0,
32793637,8196710,9078061,0,0,0,
32539769,8196710,9078061,0,0,0,
32543300,8196710,9078061,0,0,0,
32569736,8196710,9078061,0,0,0,
32652515,8196710,9078061,0,0,0,
32430972,8196710,9078061,0,0,0,
32793631,8196710,9078061,0,0,0,
32533478,8196710,9078061,0,0,0,
31957587,8196710,9078061,0,0,0,
32794036,8196710,9078061,0,0,0,
32767207,8196710,9078061,0,0,0,
32751454,8196710,9078061,0,0,0,
32566532,8196710,9078061,0,0,0,
32396490,8196710,9078061,0,0,0,
32365515,8196710,9078061,0,0,0,
32566556,8196710,9078061,0,0,0,
32660461,8196710,9078061,0,0,0,
32490783,8196710,9078061,0,0,0,
32767270,8196710,9078061,0,0,0,
32694266,8196710,9078061,0,0,0,
32630993,8196710,9078061,0,0,0,
32758951,8196710,9078061,0,0,0,
32660479,8196710,9078061,0,0,0,
32803576,8196710,9078061,0,0,0,
32337975,8196710,9078061,0,0,0,
32789344,8196710,9078061,0,0,0,
32706142,8196710,9078061,0,0,0,
32409873,8196710,9078061,0,0,0,
32693758,8196710,9078061,0,0,0,
32654213,8196710,9078061,0,0,0,
32365023,8196710,9078061,0,0,0,
32371620,8196710,9078061,0,0,0,
32364354,8196710,9078061,0,0,0,
32569829,8196710,9078061,0,0,0,
32374836,8196710,9078061,0,0,0,
32580287,8196710,9078061,0,0,0,
32543846,8196710,9078061,0,0,0,
32391720,8196710,9078061,0,0,0,
32714503,8196710,9078061,0,0,0,
32706100,8196710,9078061,0,0,0,
32714473,8196710,9078061,0,0,0,
32621819,8196710,9078061,0,0,0,
32719477,8196710,9078061,0,0,0,
32642369,8196710,9078061,0,0,0,
32490777,8196710,9078061,0,0,0,
32382009,8196710,9078061,0,0,0,
32373528,8196710,9078061,0,0,0,
32433156,8196710,9078061,0,0,0,
32642438,8196710,9078061,0,0,0,
32867884,8196710,9078061,0,0,0,
32470731,8196710,9078061,0,0,0,
32714515,8196710,9078061,0,0,0,
32537759,8196710,9078061,0,0,0,
32381982,8196710,9078061,0,0,0,
32550278,8196710,9078061,0,0,0,
32599736,8196710,9078061,0,0,0,
32555957,8196710,9078061,0,0,0,
32550359,8196710,9078061,0,0,0,
32358150,8196710,9078061,0,0,0,
32753545,8196710,9078061,0,0,0,
32364987,8196710,9078061,0,0,0,
32767024,8196710,9078061,0,0,0,
32706115,8196710,9078061,0,0,0,
32493783,8196710,9078061,0,0,0,
32692933,8196710,9078061,0,0,0,
32808886,8196710,9078061,0,0,0,
32358156,8196710,9078061,0,0,0,
32744443,8196710,9078061,0,0,0,
32368275,8196710,9078061,0,0,0,
32683684,8196710,9078061,0,0,0,
32550296,8196710,9078061,0,0,0,
32693722,8196710,9078061,0,0,0,
32388801,8196710,9078061,0,0,0,
32641769,8196710,9078061,0,0,0,
32382105,8196710,9078061,0,0,0,
32533445,8196710,9078061,0,0,0,
32684971,8196710,9078061,0,0,0,
32364966,8196710,9078061,0,0,0,
32769757,8196710,9078061,0,0,0,
32490801,8196710,9078061,0,0,0,
32382024,8196710,9078061,0,0,0,
32539298,8196710,9078061,0,0,0,
32599754,8196710,9078061,0,0,0,
32599700,8196710,9078061,0,0,0,
32358132,8196710,9078061,0,0,0,
32435490,8196710,9078061,0,0,0,
32368230,8196710,9078061,0,0,0,
32372700,8196710,9078061,0,0,0,
32523788,8196710,9078061,0,0,0,
32350533,8196710,9078061,0,0,0,
32368182,8196710,9078061,0,0,0,
32737844,8196710,9078061,0,0,0,
32668381,8196710,9078061,0,0,0,
32582849,8196710,9078061,0,0,0,
32516528,8196710,9078061,0,0,0,
32787154,8196710,9078061,0,0,0,
32550392,8196710,9078061,0,0,0,
32758819,8196710,9078061,0,0,0,
32566715,8196710,9078061,0,0,0,
32550251,8196710,9078061,0,0,0,
32719501,8196710,9078061,0,0,0,
32350557,8196710,9078061,0,0,0,
32829559,8196710,9078061,0,0,0,
32388780,8196710,9078061,0,0,0,
32533463,8196710,9078061,0,0,0,
32753476,8196710,9078061,0,0,0,
32533457,8196710,9078061,0,0,0,
32561453,8196710,9078061,0,0,0,
32701285,8196710,9078061,0,0,0,
32679343,8196710,9078061,0,0,0,
32368227,8196710,9078061,0,0,0,
32382030,8196710,9078061,0,0,0,
32706136,8196710,9078061,0,0,0,
32493366,8196710,9078061,0,0,0,
32671514,8196710,9078061,0,0,0,
32613977,8196710,9078061,0,0,0,
32693818,8196710,9078061,0,0,0,
32792482,8196710,9078061,0,0,0,
32434437,8196710,9078061,0,0,0,
32684227,8196710,9078061,0,0,0,
32418357,8196710,9078061,0,0,0,
32555918,8196710,9078061,0,0,0,
32396607,8196710,9078061,0,0,0,
32539706,8196710,9078061,0,0,0,
32616785,8196710,9078061,0,0,0,
32454435,8196710,9078061,0,0,0,
32368299,8196710,9078061,0,0,0,
32382045,8196710,9078061,0,0,0,
32827534,8196710,9078061,0,0,0,
32599742,8196710,9078061,0,0,0,
32789338,8196710,9078061,0,0,0,
32569781,8196710,9078061,0,0,0,
32605373,8196710,9078061,0,0,0,
32533487,8196710,9078061,0,0,0,
32561408,8196710,9078061,0,0,0,
32470782,8196710,9078061,0,0,0,
32520405,8196710,9078061,0,0,0,
32350530,8196710,9078061,0,0,0,
32368326,8196710,9078061,0,0,0,
32731048,8196710,9078061,0,0,0,
32751439,8196710,9078061,0,0,0,
32722960,8196710,9078061,0,0,0,
32740327,8196710,9078061,0,0,0,
32384751,8196710,9078061,0,0,0,
32543264,8196710,9078061,0,0,0,
32539751,8196710,9078061,0,0,0,
32693740,8196710,9078061,0,0,0,
32642468,8196710,9078061,0,0,0,
32516540,8196710,9078061,0,0,0,
32566604,8196710,9078061,0,0,0,
32361873,8196710,9078061,0,0,0,
32660425,8196710,9078061,0,0,0,
32384742,8196710,9078061,0,0,0,
32641334,8196710,9078061,0,0,0,
32633177,8196710,9078061,0,0,0,
32363328,8196710,9078061,0,0,0,
32337969,8196710,9078061,0,0,0,
32384715,8196710,9078061,0,0,0,
32642930,8196710,9078061,0,0,0,
32569526,8196710,9078061,0,0,0,
32829538,8196710,9078061,0,0,0,
32740255,8196710,9078061,0,0,0,
32817241,8196710,9078061,0,0,0,
32350518,8196710,9078061,0,0,0,
32384712,8196710,9078061,0,0,0,
32660482,8196710,9078061,0,0,0,
32508015,8196710,9078061,0,0,0,
32730544,8196710,9078061,0,0,0,
32388756,8196710,9078061,0,0,0,
32693761,8196710,9078061,0,0,0,
32368335,8196710,9078061,0,0,0,
32364936,8196710,9078061,0,0,0,
32753503,8196710,9078061,0,0,0,
32660467,8196710,9078061,0,0,0,
32744572,8196710,9078061,0,0,0,
32384970,8196710,9078061,0,0,0,
32718397,8196710,9078061,0,0,0,
32719114,8196710,9078061,0,0,0,
32368272,8196710,9078061,0,0,0,
32715817,8196710,9078061,0,0,0,
32409828,8196710,9078061,0,0,0,
32536649,8196710,9078061,0,0,0,
32391804,8196710,9078061,0,0,0,
32882620,8196710,9078061,0,0,0,
32524485,8196710,9078061,0,0,0,
32371542,8196710,9078061,0,0,0,
32701288,8196710,9078061,0,0,0,
32701297,8196710,9078061,0,0,0,
32566310,8196710,9078061,0,0,0,
32714488,8196710,9078061,0,0,0,
32530506,8196710,9078061,0,0,0,
32364972,8196710,9078061,0,0,0,
32598206,8196710,9078061,0,0,0,
32493777,8196710,9078061,0,0,0,
32675552,8196710,9078061,0,0,0,
32391819,8196710,9078061,0,0,0,
32901610,8196710,9078061,0,0,0,
32689325,8196710,9078061,0,0,0,
32715781,8196710,9078061,0,0,0,
32447295,8196710,9078061,0,0,0,
32488578,8196710,9078061,0,0,0,
32523494,8196710,9078061,0,0,0,
32472660,8196710,9078061,0,0,0,
32616677,8196710,9078061,0,0,0,
32488629,8196710,9078061,0,0,0,
32337936,8196710,9078061,0,0,0,
32701154,8196710,9078061,0,0,0,
32633162,8196710,9078061,0,0,0,
32753536,8196710,9078061,0,0,0,
32753779,8196710,9078061,0,0,0,
32740384,8196710,9078061,0,0,0,
32693767,8196710,9078061,0,0,0,
32675471,8196710,9078061,0,0,0,
32719117,8196710,9078061,0,0,0,
32523593,8196710,9078061,0,0,0,
32817214,8196710,9078061,0,0,0,
32714479,8196710,9078061,0,0,0,
32808916,8196710,9078061,0,0,0,
32391942,8196710,9078061,0,0,0,
32732230,8196710,9078061,0,0,0,
32753494,8196710,9078061,0,0,0,
32718421,8196710,9078061,0,0,0,
32470470,8196710,9078061,0,0,0,
32566301,8196710,9078061,0,0,0,
32660473,8196710,9078061,0,0,0,
32447397,8196710,9078061,0,0,0,
32537741,8196710,9078061,0,0,0,
32660488,8196710,9078061,0,0,0,
32464788,8196710,9078061,0,0,0,
32683639,8196710,9078061,0,0,0,
32767204,8196710,9078061,0,0,0,
32684218,8196710,9078061,0,0,0,
32580248,8196710,9078061,0,0,0,
32358141,8196710,9078061,0,0,0,
32396523,8196710,9078061,0,0,0,
32396619,8196710,9078061,0,0,0,
32580218,8196710,9078061,0,0,0,
32516468,8196710,9078061,0,0,0,
32537801,8196710,9078061,0,0,0,
32691538,8196710,9078061,0,0,0,
32668390,8196710,9078061,0,0,0,
32516501,8196710,9078061,0,0,0,
32409852,8196710,9078061,0,0,0,
32430984,8196710,9078061,0,0,0,
32384769,8196710,9078061,0,0,0,
32718439,8196710,9078061,0,0,0,
32638448,8196710,9078061,0,0,0,
32350551,8196710,9078061,0,0,0,
32338035,8196710,9078061,0,0,0,
32376669,8196710,9078061,0,0,0,
32409768,8196710,9078061,0,0,0,
32718415,8196710,9078061,0,0,0,
32569853,8196710,9078061,0,0,0,
32566256,8196710,9078061,0,0,0,
32740345,8196710,9078061,0,0,0,
32523486,8196710,9078061,0,0,0,
32539646,8196710,9078061,0,0,0,
32687654,8196710,9078061,0,0,0,
32384844,8196710,9078061,0,0,0,
32430969,8196710,9078061,0,0,0,
32845837,8196710,9078061,0,0,0,
32523560,8196710,9078061,0,0,0,
32516513,8196710,9078061,0,0,0,
32539763,8196710,9078061,0,0,0,
32490864,8196710,9078061,0,0,0,
32716423,8196710,9078061,0,0,0,
32817235,8196710,9078061,0,0,0,
32543270,8196710,9078061,0,0,0,
32550308,8196710,9078061,0,0,0,
32543288,8196710,9078061,0,0,0,
32561495,8196710,9078061,0,0,0,
32808961,8196710,9078061,0,0,0,
32599718,8196710,9078061,0,0,0,
32744542,8196710,9078061,0,0,0,
32523446,8196710,9078061,0,0,0,
32470464,8196710,9078061,0,0,0,
32817211,8196710,9078061,0,0,0,
32618315,8196710,9078061,0,0,0,
32384739,8196710,9078061,0,0,0,
32701321,8196710,9078061,0,0,0,
32394024,8196710,9078061,0,0,0,
32796160,8196710,9078061,0,0,0,
32516489,8196710,9078061,0,0,0,
32808964,8196710,9078061,0,0,0,
32667955,8196710,9078061,0,0,0,
32795320,8196710,9078061,0,0,0,
32388816,8196710,9078061,0,0,0,
32845828,8196710,9078061,0,0,0,
32744422,8196710,9078061,0,0,0,
32337978,8196710,9078061,0,0,0,
32430993,8196710,9078061,0,0,0,
32569697,8196710,9078061,0,0,0,
32537843,8196710,9078061,0,0,0,
32638388,8196710,9078061,0,0,0,
32650331,8196710,9078061,0,0,0,
32732113,8196710,9078061,0,0,0,
32537810,8196710,9078061,0,0,0,
32616782,8196710,9078061,0,0,0,
32652563,8196710,9078061,0,0,0,
32769718,8196710,9078061,0,0,0,
32533508,8196710,9078061,0,0,0,
32368260,8196710,9078061,0,0,0,
32732194,8196710,9078061,0,0,0,
32806447,8196710,9078061,0,0,0,
32740357,8196710,9078061,0,0,0,
32787889,8196710,9078061,0,0,0,
32719249,8196710,9078061,0,0,0,
32893351,8196710,9078061,0,0,0,
32350509,8196710,9078061,0,0,0,
32528631,8196710,9078061,0,0,0,
32371626,8196710,9078061,0,0,0,
32523435,8196710,9078061,0,0,0,
32516486,8196710,9078061,0,0,0,
32444130,8196710,9078061,0,0,0,
32668414,8196710,9078061,0,0,0,
32338008,8196710,9078061,0,0,0,
32851888,8196710,9078061,0,0,0,
32507979,8196710,9078061,0,0,0,
32656628,8196710,9078061,0,0,0,
32396445,8196710,9078061,0,0,0,
32537837,8196710,9078061,0,0,0,
32550230,8196710,9078061,0,0,0,
32365506,8196710,9078061,0,0,0,
32364999,8196710,9078061,0,0,0,
32409885,8196710,9078061,0,0,0,
32641739,8196710,9078061,0,0,0,
32391933,8196710,9078061,0,0,0,
32751481,8196710,9078061,0,0,0,
32434449,8196710,9078061,0,0,0,
32660485,8196710,9078061,0,0,0,
32710316,8196710,9078061,0,0,0,
32391852,8196710,9078061,0,0,0,
32693782,8196710,9078061,0,0,0,
32364960,8196710,9078061,0,0,0,
32580380,8196710,9078061,0,0,0,
32642264,8196710,9078061,0,0,0,
32338041,8196710,9078061,0,0,0,
32753440,8196710,9078061,0,0,0,
32701315,8196710,9078061,0,0,0,
32523530,8196710,9078061,0,0,0,
32396349,8196710,9078061,0,0,0,
32693752,8196710,9078061,0,0,0,
32719072,8196710,9078061,0,0,0,
32516450,8196710,9078061,0,0,0,
32490780,8196710,9078061,0,0,0,
32704537,8196710,9078061,0,0,0,
32714470,8196710,9078061,0,0,0,
32806432,8196710,9078061,0,0,0,
32638373,8196710,9078061,0,0,0,
32338017,8196710,9078061,0,0,0,
32740258,8196710,9078061,0,0,0,
32384880,8196710,9078061,0,0,0,
32740363,8196710,9078061,0,0,0,
32675465,8196710,9078061,0,0,0,
32395710,8196710,9078061,0,0,0,
32706145,8196710,9078061,0,0,0,
32693713,8196710,9078061,0,0,0,
32537816,8196710,9078061,0,0,0,
32391987,8196710,9078061,0,0,0,
32653487,8196710,9078061,0,0,0,
32519016,8196710,9078061,0,0,0,
32550284,8196710,9078061,0,0,0,
32717230,8196710,9078061,0,0,0,
32373540,8196710,9078061,0,0,0,
32643113,8196710,9078061,0,0,0,
32719465,8196710,9078061,0,0,0,
32849788,8196710,9078061,0,0,0,
32422665,8196710,9078061,0,0,0,
32368236,8196710,9078061,0,0,0,
32704483,8196710,9078061,0,0,0,
32808898,8196710,9078061,0,0,0,
32337996,8196710,9078061,0,0,0,
32384724,8196710,9078061,0,0,0,
32675531,8196710,9078061,0,0,0,
32391705,8196710,9078061,0,0,0,
32537804,8196710,9078061,0,0,0,
32493705,8196710,9078061,0,0,0,
32613992,8196710,9078061,0,0,0,
32660392,8196710,9078061,0,0,0,
32392659,8196710,9078061,0,0,0,
32523465,8196710,9078061,0,0,0,
32740375,8196710,9078061,0,0,0,
32472723,8196710,9078061,0,0,0,
32706025,8196710,9078061,0,0,0,
32384820,8196710,9078061,0,0,0,
32382102,8196710,9078061,0,0,0,
32435496,8196710,9078061,0,0,0,
32490726,8196710,9078061,0,0,0,
32689322,8196710,9078061,0,0,0,
32706121,8196710,9078061,0,0,0,
32652509,8196710,9078061,0,0,0,
32537735,8196710,9078061,0,0,0,
32828008,8196710,9078061,0,0,0,
32817226,8196710,9078061,0,0,0,
32358159,8196710,9078061,0,0,0,
32808955,8196710,9078061,0,0,0,
32868913,8196710,9078061,0,0,0,
32621837,8196710,9078061,0,0,0,
32358162,8196710,9078061,0,0,0,
32537852,8196710,9078061,0,0,0,
32701372,8196710,9078061,0,0,0,
32701163,8196710,9078061,0,0,0,
32539718,8196710,9078061,0,0,0,
32589095,8196710,9078061,0,0,0,
32555855,8196710,9078061,0,0,0,
32654192,8196710,9078061,0,0,0,
32556002,8196710,9078061,0,0,0,
32796358,8196710,9078061,0,0,0,
32701693,8196710,9078061,0,0,0,
32790913,8196710,9078061,0,0,0,
32422584,8196710,9078061,0,0,0,
32769715,8196710,9078061,0,0,0,
32654243,8196710,9078061,0,0,0,
32368290,8196710,9078061,0,0,0,
32374833,8196710,9078061,0,0,0,
32704480,8196710,9078061,0,0,0,
32642450,8196710,9078061,0,0,0,
32566328,8196710,9078061,0,0,0,
32739265,8196710,9078061,0,0,0,
32550356,8196710,9078061,0,0,0,
32373468,8196710,9078061,0,0,0,
32384871,8196710,9078061,0,0,0,
32684233,8196710,9078061,0,0,0,
32434368,8196710,9078061,0,0,0,
32454468,8196710,9078061,0,0,0,
32816863,8196710,9078061,0,0,0,
32642480,8196710,9078061,0,0,0,
32537726,8196710,9078061,0,0,0,
32714455,8196710,9078061,0,0,0,
32371617,8196710,9078061,0,0,0,
32719420,8196710,9078061,0,0,0,
32708813,8196710,9078061,0,0,0,
32433957,8196710,9078061,0,0,0,
32704543,8196710,9078061,0,0,0,
32338029,8196710,9078061,0,0,0,
32565980,8196710,9078061,0,0,0,
32719447,8196710,9078061,0,0,0,
32368173,8196710,9078061,0,0,0,
32633186,8196710,9078061,0,0,0,
32668462,8196710,9078061,0,0,0,
32368239,8196710,9078061,0,0,0,
32675522,8196710,9078061,0,0,0,
32454441,8196710,9078061,0,0,0,
32769742,8196710,9078061,0,0,0,
32796376,8196710,9078061,0,0,0,
32384706,8196710,9078061,0,0,0,
32599613,8196710,9078061,0,0,0,
32382111,8196710,9078061,0,0,0,
32744458,8196710,9078061,0,0,0,
32616686,8196710,9078061,0,0,0,
32693737,8196710,9078061,0,0,0,
32388810,8196710,9078061,0,0,0,
32566628,8196710,9078061,0,0,0,
32550368,8196710,9078061,0,0,0,
32364993,8196710,9078061,0,0,0,
32732101,8196710,9078061,0,0,0,
32362491,8196710,9078061,0,0,0,
32684221,8196710,9078061,0,0,0,
32364990,8196710,9078061,0,0,0,
32524239,8196710,9078061,0,0,0,
32566667,8196710,9078061,0,0,0,
32539709,8196710,9078061,0,0,0,
32701396,8196710,9078061,0,0,0,
32365002,8196710,9078061,0,0,0,
32643362,8196710,9078061,0,0,0,
32684230,8196710,9078061,0,0,0,
32719498,8196710,9078061,0,0,0,
32337930,8196710,9078061,0,0,0,
32611259,8196710,9078061,0,0,0,
32434389,8196710,9078061,0,0,0,
32566268,8196710,9078061,0,0,0,
32817433,8196710,9078061,0,0,0,
32679340,8196710,9078061,0,0,0,
32535177,8196710,9078061,0,0,0,
32808751,8196710,9078061,0,0,0,
32656640,8196710,9078061,0,0,0,
32388798,8196710,9078061,0,0,0,
32719078,8196710,9078061,0,0,0,
32470725,8196710,9078061,0,0,0,
32448483,8196710,9078061,0,0,0,
32580368,8196710,9078061,0,0,0,
32808901,8196710,9078061,0,0,0,
32368167,8196710,9078061,0,0,0,
32388795,8196710,9078061,0,0,0,
32537894,8196710,9078061,0,0,0,
32516507,8196710,9078061,0,0,0,
32706112,8196710,9078061,0,0,0,
32395896,8196710,9078061,0,0,0,
32789404,8196710,9078061,0,0,0,
32654195,8196710,9078061,0,0,0,
32693704,8196710,9078061,0,0,0,
32753776,8196710,9078061,0,0,0,
32684236,8196710,9078061,0,0,0,
32589041,8196710,9078061,0,0,0,
32539799,8196710,9078061,0,0,0,
32642924,8196710,9078061,0,0,0,
32638451,8196710,9078061,0,0,0,
32668438,8196710,9078061,0,0,0,
32466948,8196710,9078061,0,0,0,
32794000,8196710,9078061,0,0,0,
32753479,8196710,9078061,0,0,0,
32701399,8196710,9078061,0,0,0,
32409819,8196710,9078061,0,0,0,
32472741,8196710,9078061,0,0,0,
32753473,8196710,9078061,0,0,0,
32556011,8196710,9078061,0,0,0,
32523488,8196710,9078061,0,0,0,
32744467,8196710,9078061,0,0,0,
32395899,8196710,9078061,0,0,0,
32654276,8196710,9078061,0,0,0,
32523536,8196710,9078061,0,0,0,
32391861,8196710,9078061,0,0,0,
32413824,8196710,9078061,0,0,0,
32566535,8196710,9078061,0,0,0,
32656766,8196710,9078061,0,0,0,
32364888,8196710,9078061,0,0,0,
32621807,8196710,9078061,0,0,0,
32543297,8196710,9078061,0,0,0,
32704471,8196710,9078061,0,0,0,
32692930,8196710,9078061,0,0,0,
32585396,8196710,9078061,0,0,0,
32550317,8196710,9078061,0,0,0,
32740474,8196710,9078061,0,0,0,
32688170,8196710,9078061,0,0,0,
32537780,8196710,9078061,0,0,0,
32507157,8196710,9078061,0,0,0,
32533505,8196710,9078061,0,0,0,
32386824,8196710,9078061,0,0,0,
32532905,8196710,9078061,0,0,0,
32533469,8196710,9078061,0,0,0,
32470860,8196710,9078061,0,0,0,
32558519,8196710,9078061,0,0,0,
32732116,8196710,9078061,0,0,0,
32386800,8196710,9078061,0,0,0,
32701151,8196710,9078061,0,0,0,
32633771,8196710,9078061,0,0,0,
32719096,8196710,9078061,0,0,0,
32732086,8196710,9078061,0,0,0,
32769706,8196710,9078061,0,0,0,
32660530,8196710,9078061,0,0,0,
32793073,8196710,9078061,0,0,0,
32562459,8196710,9078061,0,0,0,
32358168,8196710,9078061,0,0,0,
32376678,8196710,9078061,0,0,0,
32470881,8196710,9078061,0,0,0,
32422647,8196710,9078061,0,0,0,
32523554,8196710,9078061,0,0,0,
32409825,8196710,9078061,0,0,0,
32537828,8196710,9078061,0,0,0,
32796379,8196710,9078061,0,0,0,
32744470,8196710,9078061,0,0,0,
32395878,8196710,9078061,0,0,0,
32693719,8196710,9078061,0,0,0,
32688122,8196710,9078061,0,0,0,
32388762,8196710,9078061,0,0,0,
32753485,8196710,9078061,0,0,0,
32550293,8196710,9078061,0,0,0,
32390460,8196710,9078061,0,0,0,
32701258,8196710,9078061,0,0,0,
32759107,8196710,9078061,0,0,0,
32656577,8196710,9078061,0,0,0,
32654201,8196710,9078061,0,0,0,
32660434,8196710,9078061,0,0,0,
32396574,8196710,9078061,0,0,0,
32382063,8196710,9078061,0,0,0,
32539727,8196710,9078061,0,0,0,
32358114,8196710,9078061,0,0,0,
32744548,8196710,9078061,0,0,0,
32732092,8196710,9078061,0,0,0,
32490717,8196710,9078061,0,0,0,
32808487,8196710,9078061,0,0,0,
32566277,8196710,9078061,0,0,0,
32466954,8196710,9078061,0,0,0,
32740405,8196710,9078061,0,0,0,
32580290,8196710,9078061,0,0,0,
32719411,8196710,9078061,0,0,0,
32411667,8196710,9078061,0,0,0,
32718430,8196710,9078061,0,0,0,
32660452,8196710,9078061,0,0,0,
32601266,8196710,9078061,0,0,0,
32719450,8196710,9078061,0,0,0,
32566253,8196710,9078061,0,0,0,
32569700,8196710,9078061,0,0,0,
32555870,8196710,9078061,0,0,0,
32566265,8196710,9078061,0,0,0,
32706013,8196710,9078061,0,0,0,
32364918,8196710,9078061,0,0,0,
32643377,8196710,9078061,0,0,0,
32569748,8196710,9078061,0,0,0,
32555942,8196710,9078061,0,0,0,
32396517,8196710,9078061,0,0,0,
32653097,8196710,9078061,0,0,0,
32701184,8196710,9078061,0,0,0,
32391756,8196710,9078061,0,0,0,
32533448,8196710,9078061,0,0,0,
32539688,8196710,9078061,0,0,0,
32668384,8196710,9078061,0,0,0,
32601251,8196710,9078061,0,0,0,
32368254,8196710,9078061,0,0,0,
32753533,8196710,9078061,0,0,0,
32382090,8196710,9078061,0,0,0,
32589086,8196710,9078061,0,0,0,
32350599,8196710,9078061,0,0,0,
32466966,8196710,9078061,0,0,0,
32704468,8196710,9078061,0,0,0,
32641766,8196710,9078061,0,0,0,
32550257,8196710,9078061,0,0,0,
32741716,8196710,9078061,0,0,0,
32569571,8196710,9078061,0,0,0,
32546361,8196710,9078061,0,0,0,
32764282,8196710,9078061,0,0,0,
32485626,8196710,9078061,0,0,0,
32384946,8196710,9078061,0,0,0,
32495751,8196710,9078061,0,0,0,
32731033,8196710,9078061,0,0,0,
32350554,8196710,9078061,0,0,0,
32668483,8196710,9078061,0,0,0,
32691559,8196710,9078061,0,0,0,
32675474,8196710,9078061,0,0,0,
32371587,8196710,9078061,0,0,0,
32555993,8196710,9078061,0,0,0,
32671000,8196710,9078061,0,0,0,
32705956,8196710,9078061,0,0,0,
32493690,8196710,9078061,0,0,0,
32386815,8196710,9078061,0,0,0,
32599727,8196710,9078061,0,0,0,
32537774,8196710,9078061,0,0,0,
32533475,8196710,9078061,0,0,0,
32434314,8196710,9078061,0,0,0,
32391828,8196710,9078061,0,0,0,
32358135,8196710,9078061,0,0,0,
32368224,8196710,9078061,0,0,0,
32597561,8196710,9078061,0,0,0,
32581973,8196710,9078061,0,0,0,
32422578,8196710,9078061,0,0,0,
32516441,8196710,9078061,0,0,0,
32368176,8196710,9078061,0,0,0,
32668426,8196710,9078061,0,0,0,
32533454,8196710,9078061,0,0,0,
32642435,8196710,9078061,0,0,0,
32698951,8196710,9078061,0,0,0,
32711396,8196710,9078061,0,0,0,
32660419,8196710,9078061,0,0,0,
32464170,8196710,9078061,0,0,0,
32430990,8196710,9078061,0,0,0,
32845309,8196710,9078061,0,0,0,
32642363,8196710,9078061,0,0,0,
32523515,8196710,9078061,0,0,0,
32599715,8196710,9078061,0,0,0,
32533430,8196710,9078061,0,0,0,
32719525,8196710,9078061,0,0,0,
32516471,8196710,9078061,0,0,0,
32580272,8196710,9078061,0,0,0,
32660470,8196710,9078061,0,0,0,
32422518,8196710,9078061,0,0,0,
32562044,8196710,9078061,0,0,0,
32758837,8196710,9078061,0,0,0,
32621867,8196710,9078061,0,0,0,
32683693,8196710,9078061,0,0,0,
32638397,8196710,9078061,0,0,0,
32714353,8196710,9078061,0,0,0,
32523551,8196710,9078061,0,0,0,
32566244,8196710,9078061,0,0,0,
32714443,8196710,9078061,0,0,0,
32543469,8196710,9078061,0,0,0,
32691391,8196710,9078061,0,0,0,
32605379,8196710,9078061,0,0,0,
32829598,8196710,9078061,0,0,0,
32569832,8196710,9078061,0,0,0,
32650328,8196710,9078061,0,0,0,
32450961,8196710,9078061,0,0,0,
32569580,8196710,9078061,0,0,0,
32589113,8196710,9078061,0,0,0,
32719552,8196710,9078061,0,0,0,
32558510,8196710,9078061,0,0,0,
32701681,8196710,9078061,0,0,0,
32589071,8196710,9078061,0,0,0,
32808877,8196710,9078061,0,0,0,
32382012,8196710,9078061,0,0,0,
32566319,8196710,9078061,0,0,0,
32396487,8196710,9078061,0,0,0,
32471847,8196710,9078061,0,0,0,
32704522,8196710,9078061,0,0,0,
32717254,8196710,9078061,0,0,0,
32550338,8196710,9078061,0,0,0,
32365011,8196710,9078061,0,0,0,
32533451,8196710,9078061,0,0,0,
32706088,8196710,9078061,0,0,0,
32537771,8196710,9078061,0,0,0,
32755939,8196710,9078061,0,0,0,
32643329,8196710,9078061,0,0,0,
32566316,8196710,9078061,0,0,0,
32454450,8196710,9078061,0,0,0,
32660254,8196710,9078061,0,0,0,
32373474,8196710,9078061,0,0,0,
32529123,8196710,9078061,0,0,0,
32638403,8196710,9078061,0,0,0,
32485575,8196710,9078061,0,0,0,
32642258,8196710,9078061,0,0,0,
32704534,8196710,9078061,0,0,0,
32374827,8196710,9078061,0,0,0,
32396571,8196710,9078061,0,0,0,
32358117,8196710,9078061,0,0,0,
32829580,8196710,9078061,0,0,0,
32739253,8196710,9078061,0,0,0,
32675549,8196710,9078061,0,0,0,
32616602,8196710,9078061,0,0,0,
32499540,8196710,9078061,0,0,0,
32660386,8196710,9078061,0,0,0,
32735318,8196710,9078061,0,0,0,
32537690,8196710,9078061,0,0,0,
32630996,8196710,9078061,0,0,0,
32368293,8196710,9078061,0,0,0,
32470488,8196710,9078061,0,0,0,
32520399,8196710,9078061,0,0,0,
32808922,8196710,9078061,0,0,0,
32535156,8196710,9078061,0,0,0,
32689543,8196710,9078061,0,0,0,
32569613,8196710,9078061,0,0,0,
32683687,8196710,9078061,0,0,0,
32407374,8196710,9078061,0,0,0,
32388753,8196710,9078061,0,0,0,
32533442,8196710,9078061,0,0,0,
32701166,8196710,9078061,0,0,0,
32829553,8196710,9078061,0,0,0,
32485623,8196710,9078061,0,0,0,
32566652,8196710,9078061,0,0,0,
32706022,8196710,9078061,0,0,0,
32470770,8196710,9078061,0,0,0,
32601275,8196710,9078061,0,0,0,
32523462,8196710,9078061,0,0,0,
32543252,8196710,9078061,0,0,0,
32350578,8196710,9078061,0,0,0,
32368257,8196710,9078061,0,0,0,
32693815,8196710,9078061,0,0,0,
32507130,8196710,9078061,0,0,0,
32530497,8196710,9078061,0,0,0,
32719132,8196710,9078061,0,0,0,
32406906,8196710,9078061,0,0,0,
32689540,8196710,9078061,0,0,0,
32731030,8196710,9078061,0,0,0,
32641754,8196710,9078061,0,0,0,
32516546,8196710,9078061,0,0,0,
32638382,8196710,9078061,0,0,0,
32382042,8196710,9078061,0,0,0,
32565986,8196710,9078061,0,0,0,
